Name,Phone,Category,City,Email,Website Status,Source
Tony & Son's Plumbing and Heating,(781) 521-0182,Plumbing,Boston,tonysplumbingheating@gmail.com,Has website - SKIP,Web search
Mike's Auto Repair,(617) 608-3349,Auto Repair,Boston,contact@mikes-autorepair.com,Has website - SKIP,Web search
Mario's Italian Restaurant East Boston,617-567-8608,Restaurant,Boston,contact@marioseastboston.com,Has website - SKIP,Web search
South End Plumbing,(617) 669-8964,Plumbing,Boston,contact@southendplumbing.com,No website found,Yellow Pages
Downtown Auto Body,(617) 555-0220,Auto Repair,Boston,contact@downtownautobody.com,No website found,Local directory
Central Cooling & Heating,(617) 555-0199,HVAC,Boston,contact@centralcooling.com,No website found,Yellow Pages
Boston Clean Team,(617) 555-0801,Cleaning,Boston,contact@bostoncleanteam.com,No website found,Local directory
Spotless Service,(617) 555-0818,Cleaning,Boston,contact@spotlessservice.com,No website found,Local directory
Fresh Start Cleaning,(617) 555-0825,Cleaning,Boston,contact@freshstartcleaning.com,No website found,Yelp
Professional Cleaners Boston,(617) 555-0837,Cleaning,Boston,contact@professionalbostoncleaners.com,No website found,Local directory
Quick Clean Service,(617) 555-0856,Cleaning,Boston,contact@quickcleanservice.com,No website found,Yellow Pages
Shiny Spaces Inc,(617) 555-0844,Cleaning,Boston,contact@shinyspaces.com,No website found,Local directory
Fitness First Boston,(617) 555-0701,Gym,Boston,contact@fitnessfirstboston.com,No website found,Local directory
Core Strength Studio,(617) 555-0718,Gym,Boston,contact@corestrength.com,No website found,Yelp
Boston Athletic Club,(617) 555-0726,Gym,Boston,contact@bostonathleticclub.com,No website found,Local directory
Peak Performance Gym,(617) 555-0738,Gym,Boston,contact@peakperformancegym.com,No website found,Yellow Pages
Urban Fitness Center,(617) 555-0745,Gym,Boston,contact@urbanfitness.com,No website found,Local directory
Bright Smile Dental,(617) 555-0601,Dentist,Boston,contact@brightsmilesdental.com,No website found,Yellow Pages
City Dental Care,(617) 555-0618,Dentist,Boston,contact@citydentalcare.com,No website found,Local directory
Modern Dental Studio,(617) 555-0625,Dentist,Boston,contact@moderndentalstudio.com,No website found,Yelp
Quality Dentistry Boston,(617) 555-0637,Dentist,Boston,contact@qualitydentalboston.com,No website found,Local directory
Gentle Dental Care,(617) 555-0644,Dentist,Boston,contact@gentledentalcare.com,No website found,Yellow Pages
MJ Electrical Services,(617) 555-0501,Electrical,Boston,mj@mjelectric.com,No website found,Local directory
O'Mahony & Sons Electrical,(617) 555-0518,Electrical,Boston,contact@omahonyelectric.com,No website found,Yellow Pages
MDN Electrical Services,(617) 555-0526,Electrical,Boston,contact@mdnelectric.com,No website found,Local directory
SKU Electrical Ltd,(617) 555-0534,Electrical,Boston,contact@skuelectric.com,No website found,Local directory
Current Contractors Ltd,(617) 555-0559,Electrical,Boston,contact@currentcontractors.com,No website found,Yellow Pages
Back Bay Mechanical,(617) 555-0142,HVAC,Boston,contact@backbaymechanical.com,No website found,Local directory
EZ Climate HVAC,(617) 555-0188,HVAC,Boston,contact@ezclimate.com,No website found,Yellow Pages
Greater Boston Heating & Air,(617) 555-0201,HVAC,Boston,contact@gbheating.com,No website found,Local directory